kitchen_id,sku,date,demand
Mumbai_Kitchen_1,Butter_Chicken_Bowl,2025-01-01,210
Mumbai_Kitchen_1,Butter_Chicken_Bowl,2025-01-02,165
Mumbai_Kitchen_1,Butter_Chicken_Bowl,2025-01-03,137
Mumbai_Kitchen_1,Butter_Chicken_Bowl,2025-01-04,306
Mumbai_Kitchen_1,Butter_Chicken_Bowl,2025-01-05,234
Mumbai_Kitchen_1,Butter_Chicken_Bowl,2025-01-06,152
Mumbai_Kitchen_1,Butter_Chicken_Bowl,2025-01-07,162
Mumbai_Kitchen_1,Butter_Chicken_Bowl,2025-01-08,180
Mumbai_Kitchen_1,Butter_Chicken_Bowl,2025-01-09,173
Mumbai_Kitchen_1,Butter_Chicken_Bowl,2025-01-10,186
Mumbai_Kitchen_1,Butter_Chicken_Bowl,2025-01-11,245
Mumbai_Kitchen_1,Butter_Chicken_Bowl,2025-01-12,245
Mumbai_Kitchen_1,Butter_Chicken_Bowl,2025-01-13,236
Mumbai_Kitchen_1,Butter_Chicken_Bowl,2025-01-14,247
Mumbai_Kitchen_1,Butter_Chicken_Bowl,2025-01-15,114
Mumbai_Kitchen_1,Butter_Chicken_Bowl,2025-01-16,212
Mumbai_Kitchen_1,Butter_Chicken_Bowl,2025-01-17,175
Mumbai_Kitchen_1,Butter_Chicken_Bowl,2025-01-18,236
Mumbai_Kitchen_1,Butter_Chicken_Bowl,2025-01-19,194
Mumbai_Kitchen_1,Butter_Chicken_Bowl,2025-01-20,240
Mumbai_Kitchen_1,Butter_Chicken_Bowl,2025-01-21,196
Mumbai_Kitchen_1,Butter_Chicken_Bowl,2025-01-22,212
Mumbai_Kitchen_1,Butter_Chicken_Bowl,2025-01-23,209
Mumbai_Kitchen_1,Butter_Chicken_Bowl,2025-01-24,215
Mumbai_Kitchen_1,Butter_Chicken_Bowl,2025-01-25,235
Mumbai_Kitchen_1,Butter_Chicken_Bowl,2025-01-26,247
Mumbai_Kitchen_1,Butter_Chicken_Bowl,2025-01-27,195
Mumbai_Kitchen_1,Butter_Chicken_Bowl,2025-01-28,223
Mumbai_Kitchen_1,Butter_Chicken_Bowl,2025-01-29,198
Mumbai_Kitchen_1,Butter_Chicken_Bowl,2025-01-30,196
Mumbai_Kitchen_1,Butter_Chicken_Bowl,2025-01-31,164
Mumbai_Kitchen_1,Butter_Chicken_Bowl,2025-02-01,222
Mumbai_Kitchen_1,Butter_Chicken_Bowl,2025-02-02,284
Mumbai_Kitchen_1,Butter_Chicken_Bowl,2025-02-03,248
Mumbai_Kitchen_1,Butter_Chicken_Bowl,2025-02-04,190
Mumbai_Kitchen_1,Butter_Chicken_Bowl,2025-02-05,218
Mumbai_Kitchen_1,Butter_Chicken_Bowl,2025-02-06,160
Mumbai_Kitchen_1,Butter_Chicken_Bowl,2025-02-07,178
Mumbai_Kitchen_1,Butter_Chicken_Bowl,2025-02-08,237
Mumbai_Kitchen_1,Butter_Chicken_Bowl,2025-02-09,307
Mumbai_Kitchen_1,Butter_Chicken_Bowl,2025-02-10,208
Mumbai_Kitchen_1,Butter_Chicken_Bowl,2025-02-11,158
Mumbai_Kitchen_1,Butter_Chicken_Bowl,2025-02-12,134
Mumbai_Kitchen_1,Butter_Chicken_Bowl,2025-02-13,168
Mumbai_Kitchen_1,Butter_Chicken_Bowl,2025-02-14,201
Mumbai_Kitchen_1,Butter_Chicken_Bowl,2025-02-15,267
Mumbai_Kitchen_1,Butter_Chicken_Bowl,2025-02-16,285
Mumbai_Kitchen_1,Butter_Chicken_Bowl,2025-02-17,138
Mumbai_Kitchen_1,Butter_Chicken_Bowl,2025-02-18,228
Mumbai_Kitchen_1,Butter_Chicken_Bowl,2025-02-19,212
Mumbai_Kitchen_1,Butter_Chicken_Bowl,2025-02-20,222
Mumbai_Kitchen_1,Butter_Chicken_Bowl,2025-02-21,220
Mumbai_Kitchen_1,Butter_Chicken_Bowl,2025-02-22,339
Mumbai_Kitchen_1,Butter_Chicken_Bowl,2025-02-23,300
Mumbai_Kitchen_1,Butter_Chicken_Bowl,2025-02-24,206
Mumbai_Kitchen_1,Butter_Chicken_Bowl,2025-02-25,226
Mumbai_Kitchen_1,Butter_Chicken_Bowl,2025-02-26,181
Mumbai_Kitchen_1,Butter_Chicken_Bowl,2025-02-27,173
Mumbai_Kitchen_1,Butter_Chicken_Bowl,2025-02-28,137
Mumbai_Kitchen_1,Butter_Chicken_Bowl,2025-03-01,218
Mumbai_Kitchen_1,Butter_Chicken_Bowl,2025-03-02,289
Mumbai_Kitchen_1,Butter_Chicken_Bowl,2025-03-03,175
Mumbai_Kitchen_1,Butter_Chicken_Bowl,2025-03-04,230
Mumbai_Kitchen_1,Butter_Chicken_Bowl,2025-03-05,261
Mumbai_Kitchen_1,Butter_Chicken_Bowl,2025-03-06,219
Mumbai_Kitchen_1,Butter_Chicken_Bowl,2025-03-07,223
Mumbai_Kitchen_1,Butter_Chicken_Bowl,2025-03-08,237
Mumbai_Kitchen_1,Butter_Chicken_Bowl,2025-03-09,267
Mumbai_Kitchen_1,Butter_Chicken_Bowl,2025-03-10,258
Mumbai_Kitchen_1,Butter_Chicken_Bowl,2025-03-11,179
Mumbai_Kitchen_1,Butter_Chicken_Bowl,2025-03-12,251
Mumbai_Kitchen_1,Butter_Chicken_Bowl,2025-03-13,273
Mumbai_Kitchen_1,Butter_Chicken_Bowl,2025-03-14,221
Mumbai_Kitchen_1,Butter_Chicken_Bowl,2025-03-15,214
Mumbai_Kitchen_1,Butter_Chicken_Bowl,2025-03-16,286
Mumbai_Kitchen_1,Butter_Chicken_Bowl,2025-03-17,209
Mumbai_Kitchen_1,Butter_Chicken_Bowl,2025-03-18,236
Mumbai_Kitchen_1,Butter_Chicken_Bowl,2025-03-19,247
Mumbai_Kitchen_1,Butter_Chicken_Bowl,2025-03-20,191
Mumbai_Kitchen_1,Butter_Chicken_Bowl,2025-03-21,180
Mumbai_Kitchen_1,Butter_Chicken_Bowl,2025-03-22,270
Mumbai_Kitchen_1,Butter_Chicken_Bowl,2025-03-23,246
Mumbai_Kitchen_1,Butter_Chicken_Bowl,2025-03-24,219
Mumbai_Kitchen_1,Butter_Chicken_Bowl,2025-03-25,219
Mumbai_Kitchen_1,Butter_Chicken_Bowl,2025-03-26,314
Mumbai_Kitchen_1,Butter_Chicken_Bowl,2025-03-27,185
Mumbai_Kitchen_1,Butter_Chicken_Bowl,2025-03-28,185
Mumbai_Kitchen_1,Butter_Chicken_Bowl,2025-03-29,293
Mumbai_Kitchen_1,Butter_Chicken_Bowl,2025-03-30,312
Mumbai_Kitchen_1,Butter_Chicken_Bowl,2025-03-31,295
Mumbai_Kitchen_1,Behrouz_Biryani,2025-01-01,114
Mumbai_Kitchen_1,Behrouz_Biryani,2025-01-02,105
Mumbai_Kitchen_1,Behrouz_Biryani,2025-01-03,112
Mumbai_Kitchen_1,Behrouz_Biryani,2025-01-04,153
Mumbai_Kitchen_1,Behrouz_Biryani,2025-01-05,141
Mumbai_Kitchen_1,Behrouz_Biryani,2025-01-06,115
Mumbai_Kitchen_1,Behrouz_Biryani,2025-01-07,141
Mumbai_Kitchen_1,Behrouz_Biryani,2025-01-08,123
Mumbai_Kitchen_1,Behrouz_Biryani,2025-01-09,110
Mumbai_Kitchen_1,Behrouz_Biryani,2025-01-10,118
Mumbai_Kitchen_1,Behrouz_Biryani,2025-01-11,133
Mumbai_Kitchen_1,Behrouz_Biryani,2025-01-12,134
Mumbai_Kitchen_1,Behrouz_Biryani,2025-01-13,134
Mumbai_Kitchen_1,Behrouz_Biryani,2025-01-14,116
Mumbai_Kitchen_1,Behrouz_Biryani,2025-01-15,78
Mumbai_Kitchen_1,Behrouz_Biryani,2025-01-16,124
Mumbai_Kitchen_1,Behrouz_Biryani,2025-01-17,103
Mumbai_Kitchen_1,Behrouz_Biryani,2025-01-18,136
Mumbai_Kitchen_1,Behrouz_Biryani,2025-01-19,152
Mumbai_Kitchen_1,Behrouz_Biryani,2025-01-20,112
Mumbai_Kitchen_1,Behrouz_Biryani,2025-01-21,127
Mumbai_Kitchen_1,Behrouz_Biryani,2025-01-22,92
Mumbai_Kitchen_1,Behrouz_Biryani,2025-01-23,105
Mumbai_Kitchen_1,Behrouz_Biryani,2025-01-24,136
Mumbai_Kitchen_1,Behrouz_Biryani,2025-01-25,145
Mumbai_Kitchen_1,Behrouz_Biryani,2025-01-26,120
Mumbai_Kitchen_1,Behrouz_Biryani,2025-01-27,100
Mumbai_Kitchen_1,Behrouz_Biryani,2025-01-28,109
Mumbai_Kitchen_1,Behrouz_Biryani,2025-01-29,130
Mumbai_Kitchen_1,Behrouz_Biryani,2025-01-30,116
Mumbai_Kitchen_1,Behrouz_Biryani,2025-01-31,104
Mumbai_Kitchen_1,Behrouz_Biryani,2025-02-01,149
Mumbai_Kitchen_1,Behrouz_Biryani,2025-02-02,160
Mumbai_Kitchen_1,Behrouz_Biryani,2025-02-03,116
Mumbai_Kitchen_1,Behrouz_Biryani,2025-02-04,119
Mumbai_Kitchen_1,Behrouz_Biryani,2025-02-05,124
Mumbai_Kitchen_1,Behrouz_Biryani,2025-02-06,132
Mumbai_Kitchen_1,Behrouz_Biryani,2025-02-07,118
Mumbai_Kitchen_1,Behrouz_Biryani,2025-02-08,166
Mumbai_Kitchen_1,Behrouz_Biryani,2025-02-09,136
Mumbai_Kitchen_1,Behrouz_Biryani,2025-02-10,110
Mumbai_Kitchen_1,Behrouz_Biryani,2025-02-11,145
Mumbai_Kitchen_1,Behrouz_Biryani,2025-02-12,121
Mumbai_Kitchen_1,Behrouz_Biryani,2025-02-13,152
Mumbai_Kitchen_1,Behrouz_Biryani,2025-02-14,144
Mumbai_Kitchen_1,Behrouz_Biryani,2025-02-15,180
Mumbai_Kitchen_1,Behrouz_Biryani,2025-02-16,145
Mumbai_Kitchen_1,Behrouz_Biryani,2025-02-17,128
Mumbai_Kitchen_1,Behrouz_Biryani,2025-02-18,126
Mumbai_Kitchen_1,Behrouz_Biryani,2025-02-19,152
Mumbai_Kitchen_1,Behrouz_Biryani,2025-02-20,161
Mumbai_Kitchen_1,Behrouz_Biryani,2025-02-21,138
Mumbai_Kitchen_1,Behrouz_Biryani,2025-02-22,160
Mumbai_Kitchen_1,Behrouz_Biryani,2025-02-23,157
Mumbai_Kitchen_1,Behrouz_Biryani,2025-02-24,140
Mumbai_Kitchen_1,Behrouz_Biryani,2025-02-25,117
Mumbai_Kitchen_1,Behrouz_Biryani,2025-02-26,149
Mumbai_Kitchen_1,Behrouz_Biryani,2025-02-27,119
Mumbai_Kitchen_1,Behrouz_Biryani,2025-02-28,137
Mumbai_Kitchen_1,Behrouz_Biryani,2025-03-01,161
Mumbai_Kitchen_1,Behrouz_Biryani,2025-03-02,161
Mumbai_Kitchen_1,Behrouz_Biryani,2025-03-03,117
Mumbai_Kitchen_1,Behrouz_Biryani,2025-03-04,134
Mumbai_Kitchen_1,Behrouz_Biryani,2025-03-05,152
Mumbai_Kitchen_1,Behrouz_Biryani,2025-03-06,155
Mumbai_Kitchen_1,Behrouz_Biryani,2025-03-07,138
Mumbai_Kitchen_1,Behrouz_Biryani,2025-03-08,191
Mumbai_Kitchen_1,Behrouz_Biryani,2025-03-09,214
Mumbai_Kitchen_1,Behrouz_Biryani,2025-03-10,129
Mumbai_Kitchen_1,Behrouz_Biryani,2025-03-11,139
Mumbai_Kitchen_1,Behrouz_Biryani,2025-03-12,121
Mumbai_Kitchen_1,Behrouz_Biryani,2025-03-13,160
Mumbai_Kitchen_1,Behrouz_Biryani,2025-03-14,154
Mumbai_Kitchen_1,Behrouz_Biryani,2025-03-15,157
Mumbai_Kitchen_1,Behrouz_Biryani,2025-03-16,185
Mumbai_Kitchen_1,Behrouz_Biryani,2025-03-17,158
Mumbai_Kitchen_1,Behrouz_Biryani,2025-03-18,150
Mumbai_Kitchen_1,Behrouz_Biryani,2025-03-19,162
Mumbai_Kitchen_1,Behrouz_Biryani,2025-03-20,146
Mumbai_Kitchen_1,Behrouz_Biryani,2025-03-21,114
Mumbai_Kitchen_1,Behrouz_Biryani,2025-03-22,193
Mumbai_Kitchen_1,Behrouz_Biryani,2025-03-23,201
Mumbai_Kitchen_1,Behrouz_Biryani,2025-03-24,153
Mumbai_Kitchen_1,Behrouz_Biryani,2025-03-25,132
Mumbai_Kitchen_1,Behrouz_Biryani,2025-03-26,138
Mumbai_Kitchen_1,Behrouz_Biryani,2025-03-27,127
Mumbai_Kitchen_1,Behrouz_Biryani,2025-03-28,151
Mumbai_Kitchen_1,Behrouz_Biryani,2025-03-29,201
Mumbai_Kitchen_1,Behrouz_Biryani,2025-03-30,189
Mumbai_Kitchen_1,Behrouz_Biryani,2025-03-31,159
Mumbai_Kitchen_1,Faasos_Rolls,2025-01-01,181
Mumbai_Kitchen_1,Faasos_Rolls,2025-01-02,120
Mumbai_Kitchen_1,Faasos_Rolls,2025-01-03,122
Mumbai_Kitchen_1,Faasos_Rolls,2025-01-04,100
Mumbai_Kitchen_1,Faasos_Rolls,2025-01-05,142
Mumbai_Kitchen_1,Faasos_Rolls,2025-01-06,124
Mumbai_Kitchen_1,Faasos_Rolls,2025-01-07,118
Mumbai_Kitchen_1,Faasos_Rolls,2025-01-08,147
Mumbai_Kitchen_1,Faasos_Rolls,2025-01-09,153
Mumbai_Kitchen_1,Faasos_Rolls,2025-01-10,75
Mumbai_Kitchen_1,Faasos_Rolls,2025-01-11,165
Mumbai_Kitchen_1,Faasos_Rolls,2025-01-12,156
Mumbai_Kitchen_1,Faasos_Rolls,2025-01-13,116
Mumbai_Kitchen_1,Faasos_Rolls,2025-01-14,83
Mumbai_Kitchen_1,Faasos_Rolls,2025-01-15,166
Mumbai_Kitchen_1,Faasos_Rolls,2025-01-16,132
Mumbai_Kitchen_1,Faasos_Rolls,2025-01-17,67
Mumbai_Kitchen_1,Faasos_Rolls,2025-01-18,140
Mumbai_Kitchen_1,Faasos_Rolls,2025-01-19,158
Mumbai_Kitchen_1,Faasos_Rolls,2025-01-20,132
Mumbai_Kitchen_1,Faasos_Rolls,2025-01-21,124
Mumbai_Kitchen_1,Faasos_Rolls,2025-01-22,139
Mumbai_Kitchen_1,Faasos_Rolls,2025-01-23,180
Mumbai_Kitchen_1,Faasos_Rolls,2025-01-24,157
Mumbai_Kitchen_1,Faasos_Rolls,2025-01-25,126
Mumbai_Kitchen_1,Faasos_Rolls,2025-01-26,138
Mumbai_Kitchen_1,Faasos_Rolls,2025-01-27,119
Mumbai_Kitchen_1,Faasos_Rolls,2025-01-28,84
Mumbai_Kitchen_1,Faasos_Rolls,2025-01-29,97
Mumbai_Kitchen_1,Faasos_Rolls,2025-01-30,85
Mumbai_Kitchen_1,Faasos_Rolls,2025-01-31,89
Mumbai_Kitchen_1,Faasos_Rolls,2025-02-01,191
Mumbai_Kitchen_1,Faasos_Rolls,2025-02-02,135
Mumbai_Kitchen_1,Faasos_Rolls,2025-02-03,98
Mumbai_Kitchen_1,Faasos_Rolls,2025-02-04,156
Mumbai_Kitchen_1,Faasos_Rolls,2025-02-05,123
Mumbai_Kitchen_1,Faasos_Rolls,2025-02-06,141
Mumbai_Kitchen_1,Faasos_Rolls,2025-02-07,103
Mumbai_Kitchen_1,Faasos_Rolls,2025-02-08,111
Mumbai_Kitchen_1,Faasos_Rolls,2025-02-09,173
Mumbai_Kitchen_1,Faasos_Rolls,2025-02-10,87
Mumbai_Kitchen_1,Faasos_Rolls,2025-02-11,122
Mumbai_Kitchen_1,Faasos_Rolls,2025-02-12,119
Mumbai_Kitchen_1,Faasos_Rolls,2025-02-13,138
Mumbai_Kitchen_1,Faasos_Rolls,2025-02-14,110
Mumbai_Kitchen_1,Faasos_Rolls,2025-02-15,158
Mumbai_Kitchen_1,Faasos_Rolls,2025-02-16,124
Mumbai_Kitchen_1,Faasos_Rolls,2025-02-17,183
Mumbai_Kitchen_1,Faasos_Rolls,2025-02-18,107
Mumbai_Kitchen_1,Faasos_Rolls,2025-02-19,172
Mumbai_Kitchen_1,Faasos_Rolls,2025-02-20,140
Mumbai_Kitchen_1,Faasos_Rolls,2025-02-21,131
Mumbai_Kitchen_1,Faasos_Rolls,2025-02-22,175
Mumbai_Kitchen_1,Faasos_Rolls,2025-02-23,119
Mumbai_Kitchen_1,Faasos_Rolls,2025-02-24,158
Mumbai_Kitchen_1,Faasos_Rolls,2025-02-25,128
Mumbai_Kitchen_1,Faasos_Rolls,2025-02-26,175
Mumbai_Kitchen_1,Faasos_Rolls,2025-02-27,135
Mumbai_Kitchen_1,Faasos_Rolls,2025-02-28,121
Mumbai_Kitchen_1,Faasos_Rolls,2025-03-01,135
Mumbai_Kitchen_1,Faasos_Rolls,2025-03-02,152
Mumbai_Kitchen_1,Faasos_Rolls,2025-03-03,147
Mumbai_Kitchen_1,Faasos_Rolls,2025-03-04,110
Mumbai_Kitchen_1,Faasos_Rolls,2025-03-05,94
Mumbai_Kitchen_1,Faasos_Rolls,2025-03-06,119
Mumbai_Kitchen_1,Faasos_Rolls,2025-03-07,155
Mumbai_Kitchen_1,Faasos_Rolls,2025-03-08,220
Mumbai_Kitchen_1,Faasos_Rolls,2025-03-09,159
Mumbai_Kitchen_1,Faasos_Rolls,2025-03-10,98
Mumbai_Kitchen_1,Faasos_Rolls,2025-03-11,138
Mumbai_Kitchen_1,Faasos_Rolls,2025-03-12,154
Mumbai_Kitchen_1,Faasos_Rolls,2025-03-13,159
Mumbai_Kitchen_1,Faasos_Rolls,2025-03-14,192
Mumbai_Kitchen_1,Faasos_Rolls,2025-03-15,183
Mumbai_Kitchen_1,Faasos_Rolls,2025-03-16,224
Mumbai_Kitchen_1,Faasos_Rolls,2025-03-17,129
Mumbai_Kitchen_1,Faasos_Rolls,2025-03-18,152
Mumbai_Kitchen_1,Faasos_Rolls,2025-03-19,136
Mumbai_Kitchen_1,Faasos_Rolls,2025-03-20,129
Mumbai_Kitchen_1,Faasos_Rolls,2025-03-21,132
Mumbai_Kitchen_1,Faasos_Rolls,2025-03-22,173
Mumbai_Kitchen_1,Faasos_Rolls,2025-03-23,168
Mumbai_Kitchen_1,Faasos_Rolls,2025-03-24,130
Mumbai_Kitchen_1,Faasos_Rolls,2025-03-25,181
Mumbai_Kitchen_1,Faasos_Rolls,2025-03-26,210
Mumbai_Kitchen_1,Faasos_Rolls,2025-03-27,137
Mumbai_Kitchen_1,Faasos_Rolls,2025-03-28,133
Mumbai_Kitchen_1,Faasos_Rolls,2025-03-29,198
Mumbai_Kitchen_1,Faasos_Rolls,2025-03-30,271
Mumbai_Kitchen_1,Faasos_Rolls,2025-03-31,149
Mumbai_Kitchen_1,Cheesy_Fries,2025-01-01,102
Mumbai_Kitchen_1,Cheesy_Fries,2025-01-02,114
Mumbai_Kitchen_1,Cheesy_Fries,2025-01-03,96
Mumbai_Kitchen_1,Cheesy_Fries,2025-01-04,129
Mumbai_Kitchen_1,Cheesy_Fries,2025-01-05,74
Mumbai_Kitchen_1,Cheesy_Fries,2025-01-06,90
Mumbai_Kitchen_1,Cheesy_Fries,2025-01-07,106
Mumbai_Kitchen_1,Cheesy_Fries,2025-01-08,108
Mumbai_Kitchen_1,Cheesy_Fries,2025-01-09,122
Mumbai_Kitchen_1,Cheesy_Fries,2025-01-10,94
Mumbai_Kitchen_1,Cheesy_Fries,2025-01-11,71
Mumbai_Kitchen_1,Cheesy_Fries,2025-01-12,124
Mumbai_Kitchen_1,Cheesy_Fries,2025-01-13,62
Mumbai_Kitchen_1,Cheesy_Fries,2025-01-14,76
Mumbai_Kitchen_1,Cheesy_Fries,2025-01-15,86
Mumbai_Kitchen_1,Cheesy_Fries,2025-01-16,90
Mumbai_Kitchen_1,Cheesy_Fries,2025-01-17,41
Mumbai_Kitchen_1,Cheesy_Fries,2025-01-18,139
Mumbai_Kitchen_1,Cheesy_Fries,2025-01-19,78
Mumbai_Kitchen_1,Cheesy_Fries,2025-01-20,135
Mumbai_Kitchen_1,Cheesy_Fries,2025-01-21,66
Mumbai_Kitchen_1,Cheesy_Fries,2025-01-22,137
Mumbai_Kitchen_1,Cheesy_Fries,2025-01-23,95
Mumbai_Kitchen_1,Cheesy_Fries,2025-01-24,38
Mumbai_Kitchen_1,Cheesy_Fries,2025-01-25,82
Mumbai_Kitchen_1,Cheesy_Fries,2025-01-26,152
Mumbai_Kitchen_1,Cheesy_Fries,2025-01-27,106
Mumbai_Kitchen_1,Cheesy_Fries,2025-01-28,99
Mumbai_Kitchen_1,Cheesy_Fries,2025-01-29,40
Mumbai_Kitchen_1,Cheesy_Fries,2025-01-30,138
Mumbai_Kitchen_1,Cheesy_Fries,2025-01-31,143
Mumbai_Kitchen_1,Cheesy_Fries,2025-02-01,163
Mumbai_Kitchen_1,Cheesy_Fries,2025-02-02,101
Mumbai_Kitchen_1,Cheesy_Fries,2025-02-03,107
Mumbai_Kitchen_1,Cheesy_Fries,2025-02-04,118
Mumbai_Kitchen_1,Cheesy_Fries,2025-02-05,63
Mumbai_Kitchen_1,Cheesy_Fries,2025-02-06,106
Mumbai_Kitchen_1,Cheesy_Fries,2025-02-07,123
Mumbai_Kitchen_1,Cheesy_Fries,2025-02-08,141
Mumbai_Kitchen_1,Cheesy_Fries,2025-02-09,90
Mumbai_Kitchen_1,Cheesy_Fries,2025-02-10,74
Mumbai_Kitchen_1,Cheesy_Fries,2025-02-11,129
Mumbai_Kitchen_1,Cheesy_Fries,2025-02-12,127
Mumbai_Kitchen_1,Cheesy_Fries,2025-02-13,40
Mumbai_Kitchen_1,Cheesy_Fries,2025-02-14,26
Mumbai_Kitchen_1,Cheesy_Fries,2025-02-15,121
Mumbai_Kitchen_1,Cheesy_Fries,2025-02-16,109
Mumbai_Kitchen_1,Cheesy_Fries,2025-02-17,93
Mumbai_Kitchen_1,Cheesy_Fries,2025-02-18,98
Mumbai_Kitchen_1,Cheesy_Fries,2025-02-19,140
Mumbai_Kitchen_1,Cheesy_Fries,2025-02-20,110
Mumbai_Kitchen_1,Cheesy_Fries,2025-02-21,106
Mumbai_Kitchen_1,Cheesy_Fries,2025-02-22,88
Mumbai_Kitchen_1,Cheesy_Fries,2025-02-23,34
Mumbai_Kitchen_1,Cheesy_Fries,2025-02-24,136
Mumbai_Kitchen_1,Cheesy_Fries,2025-02-25,173
Mumbai_Kitchen_1,Cheesy_Fries,2025-02-26,105
Mumbai_Kitchen_1,Cheesy_Fries,2025-02-27,117
Mumbai_Kitchen_1,Cheesy_Fries,2025-02-28,111
Mumbai_Kitchen_1,Cheesy_Fries,2025-03-01,178
Mumbai_Kitchen_1,Cheesy_Fries,2025-03-02,159
Mumbai_Kitchen_1,Cheesy_Fries,2025-03-03,121
Mumbai_Kitchen_1,Cheesy_Fries,2025-03-04,117
Mumbai_Kitchen_1,Cheesy_Fries,2025-03-05,119
Mumbai_Kitchen_1,Cheesy_Fries,2025-03-06,71
Mumbai_Kitchen_1,Cheesy_Fries,2025-03-07,93
Mumbai_Kitchen_1,Cheesy_Fries,2025-03-08,159
Mumbai_Kitchen_1,Cheesy_Fries,2025-03-09,131
Mumbai_Kitchen_1,Cheesy_Fries,2025-03-10,111
Mumbai_Kitchen_1,Cheesy_Fries,2025-03-11,84
Mumbai_Kitchen_1,Cheesy_Fries,2025-03-12,133
Mumbai_Kitchen_1,Cheesy_Fries,2025-03-13,74
Mumbai_Kitchen_1,Cheesy_Fries,2025-03-14,115
Mumbai_Kitchen_1,Cheesy_Fries,2025-03-15,132
Mumbai_Kitchen_1,Cheesy_Fries,2025-03-16,91
Mumbai_Kitchen_1,Cheesy_Fries,2025-03-17,143
Mumbai_Kitchen_1,Cheesy_Fries,2025-03-18,116
Mumbai_Kitchen_1,Cheesy_Fries,2025-03-19,176
Mumbai_Kitchen_1,Cheesy_Fries,2025-03-20,160
Mumbai_Kitchen_1,Cheesy_Fries,2025-03-21,85
Mumbai_Kitchen_1,Cheesy_Fries,2025-03-22,119
Mumbai_Kitchen_1,Cheesy_Fries,2025-03-23,111
Mumbai_Kitchen_1,Cheesy_Fries,2025-03-24,70
Mumbai_Kitchen_1,Cheesy_Fries,2025-03-25,111
Mumbai_Kitchen_1,Cheesy_Fries,2025-03-26,167
Mumbai_Kitchen_1,Cheesy_Fries,2025-03-27,66
Mumbai_Kitchen_1,Cheesy_Fries,2025-03-28,137
Mumbai_Kitchen_1,Cheesy_Fries,2025-03-29,167
Mumbai_Kitchen_1,Cheesy_Fries,2025-03-30,164
Mumbai_Kitchen_1,Cheesy_Fries,2025-03-31,139
Delhi_Kitchen_1,Butter_Chicken_Bowl,2025-01-01,216
Delhi_Kitchen_1,Butter_Chicken_Bowl,2025-01-02,225
Delhi_Kitchen_1,Butter_Chicken_Bowl,2025-01-03,225
Delhi_Kitchen_1,Butter_Chicken_Bowl,2025-01-04,260
Delhi_Kitchen_1,Butter_Chicken_Bowl,2025-01-05,281
Delhi_Kitchen_1,Butter_Chicken_Bowl,2025-01-06,212
Delhi_Kitchen_1,Butter_Chicken_Bowl,2025-01-07,222
Delhi_Kitchen_1,Butter_Chicken_Bowl,2025-01-08,201
Delhi_Kitchen_1,Butter_Chicken_Bowl,2025-01-09,218
Delhi_Kitchen_1,Butter_Chicken_Bowl,2025-01-10,222
Delhi_Kitchen_1,Butter_Chicken_Bowl,2025-01-11,315
Delhi_Kitchen_1,Butter_Chicken_Bowl,2025-01-12,305
Delhi_Kitchen_1,Butter_Chicken_Bowl,2025-01-13,274
Delhi_Kitchen_1,Butter_Chicken_Bowl,2025-01-14,201
Delhi_Kitchen_1,Butter_Chicken_Bowl,2025-01-15,249
Delhi_Kitchen_1,Butter_Chicken_Bowl,2025-01-16,225
Delhi_Kitchen_1,Butter_Chicken_Bowl,2025-01-17,272
Delhi_Kitchen_1,Butter_Chicken_Bowl,2025-01-18,257
Delhi_Kitchen_1,Butter_Chicken_Bowl,2025-01-19,259
Delhi_Kitchen_1,Butter_Chicken_Bowl,2025-01-20,201
Delhi_Kitchen_1,Butter_Chicken_Bowl,2025-01-21,167
Delhi_Kitchen_1,Butter_Chicken_Bowl,2025-01-22,213
Delhi_Kitchen_1,Butter_Chicken_Bowl,2025-01-23,202
Delhi_Kitchen_1,Butter_Chicken_Bowl,2025-01-24,218
Delhi_Kitchen_1,Butter_Chicken_Bowl,2025-01-25,292
Delhi_Kitchen_1,Butter_Chicken_Bowl,2025-01-26,338
Delhi_Kitchen_1,Butter_Chicken_Bowl,2025-01-27,246
Delhi_Kitchen_1,Butter_Chicken_Bowl,2025-01-28,212
Delhi_Kitchen_1,Butter_Chicken_Bowl,2025-01-29,206
Delhi_Kitchen_1,Butter_Chicken_Bowl,2025-01-30,239
Delhi_Kitchen_1,Butter_Chicken_Bowl,2025-01-31,181
Delhi_Kitchen_1,Butter_Chicken_Bowl,2025-02-01,337
Delhi_Kitchen_1,Butter_Chicken_Bowl,2025-02-02,322
Delhi_Kitchen_1,Butter_Chicken_Bowl,2025-02-03,210
Delhi_Kitchen_1,Butter_Chicken_Bowl,2025-02-04,184
Delhi_Kitchen_1,Butter_Chicken_Bowl,2025-02-05,270
Delhi_Kitchen_1,Butter_Chicken_Bowl,2025-02-06,225
Delhi_Kitchen_1,Butter_Chicken_Bowl,2025-02-07,254
Delhi_Kitchen_1,Butter_Chicken_Bowl,2025-02-08,247
Delhi_Kitchen_1,Butter_Chicken_Bowl,2025-02-09,277
Delhi_Kitchen_1,Butter_Chicken_Bowl,2025-02-10,226
Delhi_Kitchen_1,Butter_Chicken_Bowl,2025-02-11,235
Delhi_Kitchen_1,Butter_Chicken_Bowl,2025-02-12,224
Delhi_Kitchen_1,Butter_Chicken_Bowl,2025-02-13,248
Delhi_Kitchen_1,Butter_Chicken_Bowl,2025-02-14,193
Delhi_Kitchen_1,Butter_Chicken_Bowl,2025-02-15,290
Delhi_Kitchen_1,Butter_Chicken_Bowl,2025-02-16,301
Delhi_Kitchen_1,Butter_Chicken_Bowl,2025-02-17,242
Delhi_Kitchen_1,Butter_Chicken_Bowl,2025-02-18,256
Delhi_Kitchen_1,Butter_Chicken_Bowl,2025-02-19,208
Delhi_Kitchen_1,Butter_Chicken_Bowl,2025-02-20,192
Delhi_Kitchen_1,Butter_Chicken_Bowl,2025-02-21,261
Delhi_Kitchen_1,Butter_Chicken_Bowl,2025-02-22,307
Delhi_Kitchen_1,Butter_Chicken_Bowl,2025-02-23,280
Delhi_Kitchen_1,Butter_Chicken_Bowl,2025-02-24,274
Delhi_Kitchen_1,Butter_Chicken_Bowl,2025-02-25,242
Delhi_Kitchen_1,Butter_Chicken_Bowl,2025-02-26,274
Delhi_Kitchen_1,Butter_Chicken_Bowl,2025-02-27,238
Delhi_Kitchen_1,Butter_Chicken_Bowl,2025-02-28,285
Delhi_Kitchen_1,Butter_Chicken_Bowl,2025-03-01,350
Delhi_Kitchen_1,Butter_Chicken_Bowl,2025-03-02,298
Delhi_Kitchen_1,Butter_Chicken_Bowl,2025-03-03,261
Delhi_Kitchen_1,Butter_Chicken_Bowl,2025-03-04,260
Delhi_Kitchen_1,Butter_Chicken_Bowl,2025-03-05,282
Delhi_Kitchen_1,Butter_Chicken_Bowl,2025-03-06,213
Delhi_Kitchen_1,Butter_Chicken_Bowl,2025-03-07,250
Delhi_Kitchen_1,Butter_Chicken_Bowl,2025-03-08,335
Delhi_Kitchen_1,Butter_Chicken_Bowl,2025-03-09,260
Delhi_Kitchen_1,Butter_Chicken_Bowl,2025-03-10,204
Delhi_Kitchen_1,Butter_Chicken_Bowl,2025-03-11,189
Delhi_Kitchen_1,Butter_Chicken_Bowl,2025-03-12,240
Delhi_Kitchen_1,Butter_Chicken_Bowl,2025-03-13,262
Delhi_Kitchen_1,Butter_Chicken_Bowl,2025-03-14,275
Delhi_Kitchen_1,Butter_Chicken_Bowl,2025-03-15,311
Delhi_Kitchen_1,Butter_Chicken_Bowl,2025-03-16,357
Delhi_Kitchen_1,Butter_Chicken_Bowl,2025-03-17,202
Delhi_Kitchen_1,Butter_Chicken_Bowl,2025-03-18,201
Delhi_Kitchen_1,Butter_Chicken_Bowl,2025-03-19,249
Delhi_Kitchen_1,Butter_Chicken_Bowl,2025-03-20,256
Delhi_Kitchen_1,Butter_Chicken_Bowl,2025-03-21,236
Delhi_Kitchen_1,Butter_Chicken_Bowl,2025-03-22,256
Delhi_Kitchen_1,Butter_Chicken_Bowl,2025-03-23,314
Delhi_Kitchen_1,Butter_Chicken_Bowl,2025-03-24,206
Delhi_Kitchen_1,Butter_Chicken_Bowl,2025-03-25,269
Delhi_Kitchen_1,Butter_Chicken_Bowl,2025-03-26,263
Delhi_Kitchen_1,Butter_Chicken_Bowl,2025-03-27,222
Delhi_Kitchen_1,Butter_Chicken_Bowl,2025-03-28,225
Delhi_Kitchen_1,Butter_Chicken_Bowl,2025-03-29,288
Delhi_Kitchen_1,Butter_Chicken_Bowl,2025-03-30,318
Delhi_Kitchen_1,Butter_Chicken_Bowl,2025-03-31,271
Delhi_Kitchen_1,Behrouz_Biryani,2025-01-01,128
Delhi_Kitchen_1,Behrouz_Biryani,2025-01-02,196
Delhi_Kitchen_1,Behrouz_Biryani,2025-01-03,148
Delhi_Kitchen_1,Behrouz_Biryani,2025-01-04,261
Delhi_Kitchen_1,Behrouz_Biryani,2025-01-05,214
Delhi_Kitchen_1,Behrouz_Biryani,2025-01-06,170
Delhi_Kitchen_1,Behrouz_Biryani,2025-01-07,248
Delhi_Kitchen_1,Behrouz_Biryani,2025-01-08,277
Delhi_Kitchen_1,Behrouz_Biryani,2025-01-09,210
Delhi_Kitchen_1,Behrouz_Biryani,2025-01-10,160
Delhi_Kitchen_1,Behrouz_Biryani,2025-01-11,209
Delhi_Kitchen_1,Behrouz_Biryani,2025-01-12,195
Delhi_Kitchen_1,Behrouz_Biryani,2025-01-13,152
Delhi_Kitchen_1,Behrouz_Biryani,2025-01-14,174
Delhi_Kitchen_1,Behrouz_Biryani,2025-01-15,264
Delhi_Kitchen_1,Behrouz_Biryani,2025-01-16,174
Delhi_Kitchen_1,Behrouz_Biryani,2025-01-17,126
Delhi_Kitchen_1,Behrouz_Biryani,2025-01-18,229
Delhi_Kitchen_1,Behrouz_Biryani,2025-01-19,238
Delhi_Kitchen_1,Behrouz_Biryani,2025-01-20,180
Delhi_Kitchen_1,Behrouz_Biryani,2025-01-21,219
Delhi_Kitchen_1,Behrouz_Biryani,2025-01-22,192
Delhi_Kitchen_1,Behrouz_Biryani,2025-01-23,215
Delhi_Kitchen_1,Behrouz_Biryani,2025-01-24,146
Delhi_Kitchen_1,Behrouz_Biryani,2025-01-25,301
Delhi_Kitchen_1,Behrouz_Biryani,2025-01-26,245
Delhi_Kitchen_1,Behrouz_Biryani,2025-01-27,198
Delhi_Kitchen_1,Behrouz_Biryani,2025-01-28,159
Delhi_Kitchen_1,Behrouz_Biryani,2025-01-29,211
Delhi_Kitchen_1,Behrouz_Biryani,2025-01-30,213
Delhi_Kitchen_1,Behrouz_Biryani,2025-01-31,133
Delhi_Kitchen_1,Behrouz_Biryani,2025-02-01,170
Delhi_Kitchen_1,Behrouz_Biryani,2025-02-02,250
Delhi_Kitchen_1,Behrouz_Biryani,2025-02-03,166
Delhi_Kitchen_1,Behrouz_Biryani,2025-02-04,203
Delhi_Kitchen_1,Behrouz_Biryani,2025-02-05,145
Delhi_Kitchen_1,Behrouz_Biryani,2025-02-06,129
Delhi_Kitchen_1,Behrouz_Biryani,2025-02-07,190
Delhi_Kitchen_1,Behrouz_Biryani,2025-02-08,225
Delhi_Kitchen_1,Behrouz_Biryani,2025-02-09,159
Delhi_Kitchen_1,Behrouz_Biryani,2025-02-10,240
Delhi_Kitchen_1,Behrouz_Biryani,2025-02-11,144
Delhi_Kitchen_1,Behrouz_Biryani,2025-02-12,299
Delhi_Kitchen_1,Behrouz_Biryani,2025-02-13,169
Delhi_Kitchen_1,Behrouz_Biryani,2025-02-14,200
Delhi_Kitchen_1,Behrouz_Biryani,2025-02-15,307
Delhi_Kitchen_1,Behrouz_Biryani,2025-02-16,304
Delhi_Kitchen_1,Behrouz_Biryani,2025-02-17,268
Delhi_Kitchen_1,Behrouz_Biryani,2025-02-18,139
Delhi_Kitchen_1,Behrouz_Biryani,2025-02-19,156
Delhi_Kitchen_1,Behrouz_Biryani,2025-02-20,205
Delhi_Kitchen_1,Behrouz_Biryani,2025-02-21,220
Delhi_Kitchen_1,Behrouz_Biryani,2025-02-22,246
Delhi_Kitchen_1,Behrouz_Biryani,2025-02-23,186
Delhi_Kitchen_1,Behrouz_Biryani,2025-02-24,213
Delhi_Kitchen_1,Behrouz_Biryani,2025-02-25,194
Delhi_Kitchen_1,Behrouz_Biryani,2025-02-26,196
Delhi_Kitchen_1,Behrouz_Biryani,2025-02-27,109
Delhi_Kitchen_1,Behrouz_Biryani,2025-02-28,222
Delhi_Kitchen_1,Behrouz_Biryani,2025-03-01,256
Delhi_Kitchen_1,Behrouz_Biryani,2025-03-02,324
Delhi_Kitchen_1,Behrouz_Biryani,2025-03-03,193
Delhi_Kitchen_1,Behrouz_Biryani,2025-03-04,226
Delhi_Kitchen_1,Behrouz_Biryani,2025-03-05,239
Delhi_Kitchen_1,Behrouz_Biryani,2025-03-06,133
Delhi_Kitchen_1,Behrouz_Biryani,2025-03-07,296
Delhi_Kitchen_1,Behrouz_Biryani,2025-03-08,237
Delhi_Kitchen_1,Behrouz_Biryani,2025-03-09,277
Delhi_Kitchen_1,Behrouz_Biryani,2025-03-10,224
Delhi_Kitchen_1,Behrouz_Biryani,2025-03-11,175
Delhi_Kitchen_1,Behrouz_Biryani,2025-03-12,282
Delhi_Kitchen_1,Behrouz_Biryani,2025-03-13,215
Delhi_Kitchen_1,Behrouz_Biryani,2025-03-14,188
Delhi_Kitchen_1,Behrouz_Biryani,2025-03-15,263
Delhi_Kitchen_1,Behrouz_Biryani,2025-03-16,291
Delhi_Kitchen_1,Behrouz_Biryani,2025-03-17,202
Delhi_Kitchen_1,Behrouz_Biryani,2025-03-18,244
Delhi_Kitchen_1,Behrouz_Biryani,2025-03-19,146
Delhi_Kitchen_1,Behrouz_Biryani,2025-03-20,178
Delhi_Kitchen_1,Behrouz_Biryani,2025-03-21,115
Delhi_Kitchen_1,Behrouz_Biryani,2025-03-22,340
Delhi_Kitchen_1,Behrouz_Biryani,2025-03-23,343
Delhi_Kitchen_1,Behrouz_Biryani,2025-03-24,229
Delhi_Kitchen_1,Behrouz_Biryani,2025-03-25,173
Delhi_Kitchen_1,Behrouz_Biryani,2025-03-26,309
Delhi_Kitchen_1,Behrouz_Biryani,2025-03-27,186
Delhi_Kitchen_1,Behrouz_Biryani,2025-03-28,193
Delhi_Kitchen_1,Behrouz_Biryani,2025-03-29,272
Delhi_Kitchen_1,Behrouz_Biryani,2025-03-30,286
Delhi_Kitchen_1,Behrouz_Biryani,2025-03-31,232
Delhi_Kitchen_1,Faasos_Rolls,2025-01-01,269
Delhi_Kitchen_1,Faasos_Rolls,2025-01-02,262
Delhi_Kitchen_1,Faasos_Rolls,2025-01-03,260
Delhi_Kitchen_1,Faasos_Rolls,2025-01-04,357
Delhi_Kitchen_1,Faasos_Rolls,2025-01-05,336
Delhi_Kitchen_1,Faasos_Rolls,2025-01-06,260
Delhi_Kitchen_1,Faasos_Rolls,2025-01-07,259
Delhi_Kitchen_1,Faasos_Rolls,2025-01-08,277
Delhi_Kitchen_1,Faasos_Rolls,2025-01-09,260
Delhi_Kitchen_1,Faasos_Rolls,2025-01-10,251
Delhi_Kitchen_1,Faasos_Rolls,2025-01-11,346
Delhi_Kitchen_1,Faasos_Rolls,2025-01-12,356
Delhi_Kitchen_1,Faasos_Rolls,2025-01-13,231
Delhi_Kitchen_1,Faasos_Rolls,2025-01-14,274
Delhi_Kitchen_1,Faasos_Rolls,2025-01-15,268
Delhi_Kitchen_1,Faasos_Rolls,2025-01-16,280
Delhi_Kitchen_1,Faasos_Rolls,2025-01-17,255
Delhi_Kitchen_1,Faasos_Rolls,2025-01-18,360
Delhi_Kitchen_1,Faasos_Rolls,2025-01-19,336
Delhi_Kitchen_1,Faasos_Rolls,2025-01-20,233
Delhi_Kitchen_1,Faasos_Rolls,2025-01-21,287
Delhi_Kitchen_1,Faasos_Rolls,2025-01-22,263
Delhi_Kitchen_1,Faasos_Rolls,2025-01-23,248
Delhi_Kitchen_1,Faasos_Rolls,2025-01-24,262
Delhi_Kitchen_1,Faasos_Rolls,2025-01-25,343
Delhi_Kitchen_1,Faasos_Rolls,2025-01-26,361
Delhi_Kitchen_1,Faasos_Rolls,2025-01-27,279
Delhi_Kitchen_1,Faasos_Rolls,2025-01-28,276
Delhi_Kitchen_1,Faasos_Rolls,2025-01-29,265
Delhi_Kitchen_1,Faasos_Rolls,2025-01-30,276
Delhi_Kitchen_1,Faasos_Rolls,2025-01-31,266
Delhi_Kitchen_1,Faasos_Rolls,2025-02-01,358
Delhi_Kitchen_1,Faasos_Rolls,2025-02-02,341
Delhi_Kitchen_1,Faasos_Rolls,2025-02-03,264
Delhi_Kitchen_1,Faasos_Rolls,2025-02-04,285
Delhi_Kitchen_1,Faasos_Rolls,2025-02-05,297
Delhi_Kitchen_1,Faasos_Rolls,2025-02-06,288
Delhi_Kitchen_1,Faasos_Rolls,2025-02-07,268
Delhi_Kitchen_1,Faasos_Rolls,2025-02-08,347
Delhi_Kitchen_1,Faasos_Rolls,2025-02-09,362
Delhi_Kitchen_1,Faasos_Rolls,2025-02-10,258
Delhi_Kitchen_1,Faasos_Rolls,2025-02-11,270
Delhi_Kitchen_1,Faasos_Rolls,2025-02-12,304
Delhi_Kitchen_1,Faasos_Rolls,2025-02-13,284
Delhi_Kitchen_1,Faasos_Rolls,2025-02-14,265
Delhi_Kitchen_1,Faasos_Rolls,2025-02-15,369
Delhi_Kitchen_1,Faasos_Rolls,2025-02-16,378
Delhi_Kitchen_1,Faasos_Rolls,2025-02-17,269
Delhi_Kitchen_1,Faasos_Rolls,2025-02-18,278
Delhi_Kitchen_1,Faasos_Rolls,2025-02-19,278
Delhi_Kitchen_1,Faasos_Rolls,2025-02-20,294
Delhi_Kitchen_1,Faasos_Rolls,2025-02-21,286
Delhi_Kitchen_1,Faasos_Rolls,2025-02-22,380
Delhi_Kitchen_1,Faasos_Rolls,2025-02-23,378
Delhi_Kitchen_1,Faasos_Rolls,2025-02-24,256
Delhi_Kitchen_1,Faasos_Rolls,2025-02-25,290
Delhi_Kitchen_1,Faasos_Rolls,2025-02-26,274
Delhi_Kitchen_1,Faasos_Rolls,2025-02-27,277
Delhi_Kitchen_1,Faasos_Rolls,2025-02-28,278
Delhi_Kitchen_1,Faasos_Rolls,2025-03-01,377
Delhi_Kitchen_1,Faasos_Rolls,2025-03-02,356
Delhi_Kitchen_1,Faasos_Rolls,2025-03-03,249
Delhi_Kitchen_1,Faasos_Rolls,2025-03-04,292
Delhi_Kitchen_1,Faasos_Rolls,2025-03-05,328
Delhi_Kitchen_1,Faasos_Rolls,2025-03-06,284
Delhi_Kitchen_1,Faasos_Rolls,2025-03-07,279
Delhi_Kitchen_1,Faasos_Rolls,2025-03-08,393
Delhi_Kitchen_1,Faasos_Rolls,2025-03-09,380
Delhi_Kitchen_1,Faasos_Rolls,2025-03-10,287
Delhi_Kitchen_1,Faasos_Rolls,2025-03-11,298
Delhi_Kitchen_1,Faasos_Rolls,2025-03-12,298
Delhi_Kitchen_1,Faasos_Rolls,2025-03-13,274
Delhi_Kitchen_1,Faasos_Rolls,2025-03-14,263
Delhi_Kitchen_1,Faasos_Rolls,2025-03-15,399
Delhi_Kitchen_1,Faasos_Rolls,2025-03-16,378
Delhi_Kitchen_1,Faasos_Rolls,2025-03-17,288
Delhi_Kitchen_1,Faasos_Rolls,2025-03-18,293
Delhi_Kitchen_1,Faasos_Rolls,2025-03-19,308
Delhi_Kitchen_1,Faasos_Rolls,2025-03-20,327
Delhi_Kitchen_1,Faasos_Rolls,2025-03-21,291
Delhi_Kitchen_1,Faasos_Rolls,2025-03-22,368
Delhi_Kitchen_1,Faasos_Rolls,2025-03-23,378
Delhi_Kitchen_1,Faasos_Rolls,2025-03-24,304
Delhi_Kitchen_1,Faasos_Rolls,2025-03-25,290
Delhi_Kitchen_1,Faasos_Rolls,2025-03-26,312
Delhi_Kitchen_1,Faasos_Rolls,2025-03-27,263
Delhi_Kitchen_1,Faasos_Rolls,2025-03-28,283
Delhi_Kitchen_1,Faasos_Rolls,2025-03-29,389
Delhi_Kitchen_1,Faasos_Rolls,2025-03-30,401
Delhi_Kitchen_1,Faasos_Rolls,2025-03-31,281
Delhi_Kitchen_1,Cheesy_Fries,2025-01-01,118
Delhi_Kitchen_1,Cheesy_Fries,2025-01-02,58
Delhi_Kitchen_1,Cheesy_Fries,2025-01-03,121
Delhi_Kitchen_1,Cheesy_Fries,2025-01-04,98
Delhi_Kitchen_1,Cheesy_Fries,2025-01-05,96
Delhi_Kitchen_1,Cheesy_Fries,2025-01-06,78
Delhi_Kitchen_1,Cheesy_Fries,2025-01-07,108
Delhi_Kitchen_1,Cheesy_Fries,2025-01-08,67
Delhi_Kitchen_1,Cheesy_Fries,2025-01-09,102
Delhi_Kitchen_1,Cheesy_Fries,2025-01-10,107
Delhi_Kitchen_1,Cheesy_Fries,2025-01-11,152
Delhi_Kitchen_1,Cheesy_Fries,2025-01-12,129
Delhi_Kitchen_1,Cheesy_Fries,2025-01-13,63
Delhi_Kitchen_1,Cheesy_Fries,2025-01-14,113
Delhi_Kitchen_1,Cheesy_Fries,2025-01-15,82
Delhi_Kitchen_1,Cheesy_Fries,2025-01-16,75
Delhi_Kitchen_1,Cheesy_Fries,2025-01-17,60
Delhi_Kitchen_1,Cheesy_Fries,2025-01-18,72
Delhi_Kitchen_1,Cheesy_Fries,2025-01-19,113
Delhi_Kitchen_1,Cheesy_Fries,2025-01-20,134
Delhi_Kitchen_1,Cheesy_Fries,2025-01-21,174
Delhi_Kitchen_1,Cheesy_Fries,2025-01-22,98
Delhi_Kitchen_1,Cheesy_Fries,2025-01-23,139
Delhi_Kitchen_1,Cheesy_Fries,2025-01-24,89
Delhi_Kitchen_1,Cheesy_Fries,2025-01-25,83
Delhi_Kitchen_1,Cheesy_Fries,2025-01-26,151
Delhi_Kitchen_1,Cheesy_Fries,2025-01-27,112
Delhi_Kitchen_1,Cheesy_Fries,2025-01-28,164
Delhi_Kitchen_1,Cheesy_Fries,2025-01-29,74
Delhi_Kitchen_1,Cheesy_Fries,2025-01-30,189
Delhi_Kitchen_1,Cheesy_Fries,2025-01-31,147
Delhi_Kitchen_1,Cheesy_Fries,2025-02-01,132
Delhi_Kitchen_1,Cheesy_Fries,2025-02-02,128
Delhi_Kitchen_1,Cheesy_Fries,2025-02-03,89
Delhi_Kitchen_1,Cheesy_Fries,2025-02-04,120
Delhi_Kitchen_1,Cheesy_Fries,2025-02-05,114
Delhi_Kitchen_1,Cheesy_Fries,2025-02-06,128
Delhi_Kitchen_1,Cheesy_Fries,2025-02-07,98
Delhi_Kitchen_1,Cheesy_Fries,2025-02-08,176
Delhi_Kitchen_1,Cheesy_Fries,2025-02-09,143
Delhi_Kitchen_1,Cheesy_Fries,2025-02-10,104
Delhi_Kitchen_1,Cheesy_Fries,2025-02-11,148
Delhi_Kitchen_1,Cheesy_Fries,2025-02-12,77
Delhi_Kitchen_1,Cheesy_Fries,2025-02-13,126
Delhi_Kitchen_1,Cheesy_Fries,2025-02-14,109
Delhi_Kitchen_1,Cheesy_Fries,2025-02-15,101
Delhi_Kitchen_1,Cheesy_Fries,2025-02-16,96
Delhi_Kitchen_1,Cheesy_Fries,2025-02-17,142
Delhi_Kitchen_1,Cheesy_Fries,2025-02-18,149
Delhi_Kitchen_1,Cheesy_Fries,2025-02-19,130
Delhi_Kitchen_1,Cheesy_Fries,2025-02-20,167
Delhi_Kitchen_1,Cheesy_Fries,2025-02-21,124
Delhi_Kitchen_1,Cheesy_Fries,2025-02-22,179
Delhi_Kitchen_1,Cheesy_Fries,2025-02-23,159
Delhi_Kitchen_1,Cheesy_Fries,2025-02-24,109
Delhi_Kitchen_1,Cheesy_Fries,2025-02-25,96
Delhi_Kitchen_1,Cheesy_Fries,2025-02-26,111
Delhi_Kitchen_1,Cheesy_Fries,2025-02-27,116
Delhi_Kitchen_1,Cheesy_Fries,2025-02-28,152
Delhi_Kitchen_1,Cheesy_Fries,2025-03-01,169
Delhi_Kitchen_1,Cheesy_Fries,2025-03-02,160
Delhi_Kitchen_1,Cheesy_Fries,2025-03-03,144
Delhi_Kitchen_1,Cheesy_Fries,2025-03-04,143
Delhi_Kitchen_1,Cheesy_Fries,2025-03-05,138
Delhi_Kitchen_1,Cheesy_Fries,2025-03-06,84
Delhi_Kitchen_1,Cheesy_Fries,2025-03-07,149
Delhi_Kitchen_1,Cheesy_Fries,2025-03-08,139
Delhi_Kitchen_1,Cheesy_Fries,2025-03-09,185
Delhi_Kitchen_1,Cheesy_Fries,2025-03-10,155
Delhi_Kitchen_1,Cheesy_Fries,2025-03-11,112
Delhi_Kitchen_1,Cheesy_Fries,2025-03-12,159
Delhi_Kitchen_1,Cheesy_Fries,2025-03-13,118
Delhi_Kitchen_1,Cheesy_Fries,2025-03-14,110
Delhi_Kitchen_1,Cheesy_Fries,2025-03-15,162
Delhi_Kitchen_1,Cheesy_Fries,2025-03-16,166
Delhi_Kitchen_1,Cheesy_Fries,2025-03-17,127
Delhi_Kitchen_1,Cheesy_Fries,2025-03-18,97
Delhi_Kitchen_1,Cheesy_Fries,2025-03-19,133
Delhi_Kitchen_1,Cheesy_Fries,2025-03-20,194
Delhi_Kitchen_1,Cheesy_Fries,2025-03-21,46
Delhi_Kitchen_1,Cheesy_Fries,2025-03-22,183
Delhi_Kitchen_1,Cheesy_Fries,2025-03-23,191
Delhi_Kitchen_1,Cheesy_Fries,2025-03-24,91
Delhi_Kitchen_1,Cheesy_Fries,2025-03-25,124
Delhi_Kitchen_1,Cheesy_Fries,2025-03-26,111
Delhi_Kitchen_1,Cheesy_Fries,2025-03-27,185
Delhi_Kitchen_1,Cheesy_Fries,2025-03-28,156
Delhi_Kitchen_1,Cheesy_Fries,2025-03-29,195
Delhi_Kitchen_1,Cheesy_Fries,2025-03-30,169
Delhi_Kitchen_1,Cheesy_Fries,2025-03-31,167
Bangalore_Kitchen_1,Butter_Chicken_Bowl,2025-01-01,141
Bangalore_Kitchen_1,Butter_Chicken_Bowl,2025-01-02,79
Bangalore_Kitchen_1,Butter_Chicken_Bowl,2025-01-03,145
Bangalore_Kitchen_1,Butter_Chicken_Bowl,2025-01-04,164
Bangalore_Kitchen_1,Butter_Chicken_Bowl,2025-01-05,161
Bangalore_Kitchen_1,Butter_Chicken_Bowl,2025-01-06,149
Bangalore_Kitchen_1,Butter_Chicken_Bowl,2025-01-07,176
Bangalore_Kitchen_1,Butter_Chicken_Bowl,2025-01-08,161
Bangalore_Kitchen_1,Butter_Chicken_Bowl,2025-01-09,78
Bangalore_Kitchen_1,Butter_Chicken_Bowl,2025-01-10,85
Bangalore_Kitchen_1,Butter_Chicken_Bowl,2025-01-11,138
Bangalore_Kitchen_1,Butter_Chicken_Bowl,2025-01-12,159
Bangalore_Kitchen_1,Butter_Chicken_Bowl,2025-01-13,139
Bangalore_Kitchen_1,Butter_Chicken_Bowl,2025-01-14,114
Bangalore_Kitchen_1,Butter_Chicken_Bowl,2025-01-15,141
Bangalore_Kitchen_1,Butter_Chicken_Bowl,2025-01-16,110
Bangalore_Kitchen_1,Butter_Chicken_Bowl,2025-01-17,106
Bangalore_Kitchen_1,Butter_Chicken_Bowl,2025-01-18,120
Bangalore_Kitchen_1,Butter_Chicken_Bowl,2025-01-19,137
Bangalore_Kitchen_1,Butter_Chicken_Bowl,2025-01-20,91
Bangalore_Kitchen_1,Butter_Chicken_Bowl,2025-01-21,110
Bangalore_Kitchen_1,Butter_Chicken_Bowl,2025-01-22,167
Bangalore_Kitchen_1,Butter_Chicken_Bowl,2025-01-23,108
Bangalore_Kitchen_1,Butter_Chicken_Bowl,2025-01-24,197
Bangalore_Kitchen_1,Butter_Chicken_Bowl,2025-01-25,176
Bangalore_Kitchen_1,Butter_Chicken_Bowl,2025-01-26,171
Bangalore_Kitchen_1,Butter_Chicken_Bowl,2025-01-27,107
Bangalore_Kitchen_1,Butter_Chicken_Bowl,2025-01-28,158
Bangalore_Kitchen_1,Butter_Chicken_Bowl,2025-01-29,126
Bangalore_Kitchen_1,Butter_Chicken_Bowl,2025-01-30,140
Bangalore_Kitchen_1,Butter_Chicken_Bowl,2025-01-31,198
Bangalore_Kitchen_1,Butter_Chicken_Bowl,2025-02-01,164
Bangalore_Kitchen_1,Butter_Chicken_Bowl,2025-02-02,201
Bangalore_Kitchen_1,Butter_Chicken_Bowl,2025-02-03,115
Bangalore_Kitchen_1,Butter_Chicken_Bowl,2025-02-04,141
Bangalore_Kitchen_1,Butter_Chicken_Bowl,2025-02-05,193
Bangalore_Kitchen_1,Butter_Chicken_Bowl,2025-02-06,122
Bangalore_Kitchen_1,Butter_Chicken_Bowl,2025-02-07,180
Bangalore_Kitchen_1,Butter_Chicken_Bowl,2025-02-08,190
Bangalore_Kitchen_1,Butter_Chicken_Bowl,2025-02-09,158
Bangalore_Kitchen_1,Butter_Chicken_Bowl,2025-02-10,154
Bangalore_Kitchen_1,Butter_Chicken_Bowl,2025-02-11,171
Bangalore_Kitchen_1,Butter_Chicken_Bowl,2025-02-12,164
Bangalore_Kitchen_1,Butter_Chicken_Bowl,2025-02-13,99
Bangalore_Kitchen_1,Butter_Chicken_Bowl,2025-02-14,114
Bangalore_Kitchen_1,Butter_Chicken_Bowl,2025-02-15,167
Bangalore_Kitchen_1,Butter_Chicken_Bowl,2025-02-16,175
Bangalore_Kitchen_1,Butter_Chicken_Bowl,2025-02-17,156
Bangalore_Kitchen_1,Butter_Chicken_Bowl,2025-02-18,152
Bangalore_Kitchen_1,Butter_Chicken_Bowl,2025-02-19,113
Bangalore_Kitchen_1,Butter_Chicken_Bowl,2025-02-20,155
Bangalore_Kitchen_1,Butter_Chicken_Bowl,2025-02-21,153
Bangalore_Kitchen_1,Butter_Chicken_Bowl,2025-02-22,193
Bangalore_Kitchen_1,Butter_Chicken_Bowl,2025-02-23,210
Bangalore_Kitchen_1,Butter_Chicken_Bowl,2025-02-24,165
Bangalore_Kitchen_1,Butter_Chicken_Bowl,2025-02-25,163
Bangalore_Kitchen_1,Butter_Chicken_Bowl,2025-02-26,151
Bangalore_Kitchen_1,Butter_Chicken_Bowl,2025-02-27,102
Bangalore_Kitchen_1,Butter_Chicken_Bowl,2025-02-28,151
Bangalore_Kitchen_1,Butter_Chicken_Bowl,2025-03-01,187
Bangalore_Kitchen_1,Butter_Chicken_Bowl,2025-03-02,192
Bangalore_Kitchen_1,Butter_Chicken_Bowl,2025-03-03,110
Bangalore_Kitchen_1,Butter_Chicken_Bowl,2025-03-04,124
Bangalore_Kitchen_1,Butter_Chicken_Bowl,2025-03-05,184
Bangalore_Kitchen_1,Butter_Chicken_Bowl,2025-03-06,149
Bangalore_Kitchen_1,Butter_Chicken_Bowl,2025-03-07,161
Bangalore_Kitchen_1,Butter_Chicken_Bowl,2025-03-08,186
Bangalore_Kitchen_1,Butter_Chicken_Bowl,2025-03-09,189
Bangalore_Kitchen_1,Butter_Chicken_Bowl,2025-03-10,173
Bangalore_Kitchen_1,Butter_Chicken_Bowl,2025-03-11,142
Bangalore_Kitchen_1,Butter_Chicken_Bowl,2025-03-12,161
Bangalore_Kitchen_1,Butter_Chicken_Bowl,2025-03-13,141
Bangalore_Kitchen_1,Butter_Chicken_Bowl,2025-03-14,133
Bangalore_Kitchen_1,Butter_Chicken_Bowl,2025-03-15,181
Bangalore_Kitchen_1,Butter_Chicken_Bowl,2025-03-16,198
Bangalore_Kitchen_1,Butter_Chicken_Bowl,2025-03-17,137
Bangalore_Kitchen_1,Butter_Chicken_Bowl,2025-03-18,193
Bangalore_Kitchen_1,Butter_Chicken_Bowl,2025-03-19,137
Bangalore_Kitchen_1,Butter_Chicken_Bowl,2025-03-20,151
Bangalore_Kitchen_1,Butter_Chicken_Bowl,2025-03-21,136
Bangalore_Kitchen_1,Butter_Chicken_Bowl,2025-03-22,232
Bangalore_Kitchen_1,Butter_Chicken_Bowl,2025-03-23,201
Bangalore_Kitchen_1,Butter_Chicken_Bowl,2025-03-24,181
Bangalore_Kitchen_1,Butter_Chicken_Bowl,2025-03-25,121
Bangalore_Kitchen_1,Butter_Chicken_Bowl,2025-03-26,171
Bangalore_Kitchen_1,Butter_Chicken_Bowl,2025-03-27,183
Bangalore_Kitchen_1,Butter_Chicken_Bowl,2025-03-28,153
Bangalore_Kitchen_1,Butter_Chicken_Bowl,2025-03-29,226
Bangalore_Kitchen_1,Butter_Chicken_Bowl,2025-03-30,186
Bangalore_Kitchen_1,Butter_Chicken_Bowl,2025-03-31,195
Bangalore_Kitchen_1,Behrouz_Biryani,2025-01-01,255
Bangalore_Kitchen_1,Behrouz_Biryani,2025-01-02,227
Bangalore_Kitchen_1,Behrouz_Biryani,2025-01-03,253
Bangalore_Kitchen_1,Behrouz_Biryani,2025-01-04,326
Bangalore_Kitchen_1,Behrouz_Biryani,2025-01-05,395
Bangalore_Kitchen_1,Behrouz_Biryani,2025-01-06,270
Bangalore_Kitchen_1,Behrouz_Biryani,2025-01-07,273
Bangalore_Kitchen_1,Behrouz_Biryani,2025-01-08,272
Bangalore_Kitchen_1,Behrouz_Biryani,2025-01-09,293
Bangalore_Kitchen_1,Behrouz_Biryani,2025-01-10,250
Bangalore_Kitchen_1,Behrouz_Biryani,2025-01-11,366
Bangalore_Kitchen_1,Behrouz_Biryani,2025-01-12,396
Bangalore_Kitchen_1,Behrouz_Biryani,2025-01-13,281
Bangalore_Kitchen_1,Behrouz_Biryani,2025-01-14,270
Bangalore_Kitchen_1,Behrouz_Biryani,2025-01-15,253
Bangalore_Kitchen_1,Behrouz_Biryani,2025-01-16,266
Bangalore_Kitchen_1,Behrouz_Biryani,2025-01-17,281
Bangalore_Kitchen_1,Behrouz_Biryani,2025-01-18,310
Bangalore_Kitchen_1,Behrouz_Biryani,2025-01-19,378
Bangalore_Kitchen_1,Behrouz_Biryani,2025-01-20,277
Bangalore_Kitchen_1,Behrouz_Biryani,2025-01-21,275
Bangalore_Kitchen_1,Behrouz_Biryani,2025-01-22,264
Bangalore_Kitchen_1,Behrouz_Biryani,2025-01-23,264
Bangalore_Kitchen_1,Behrouz_Biryani,2025-01-24,285
Bangalore_Kitchen_1,Behrouz_Biryani,2025-01-25,352
Bangalore_Kitchen_1,Behrouz_Biryani,2025-01-26,345
Bangalore_Kitchen_1,Behrouz_Biryani,2025-01-27,287
Bangalore_Kitchen_1,Behrouz_Biryani,2025-01-28,296
Bangalore_Kitchen_1,Behrouz_Biryani,2025-01-29,250
Bangalore_Kitchen_1,Behrouz_Biryani,2025-01-30,295
Bangalore_Kitchen_1,Behrouz_Biryani,2025-01-31,340
Bangalore_Kitchen_1,Behrouz_Biryani,2025-02-01,372
Bangalore_Kitchen_1,Behrouz_Biryani,2025-02-02,316
Bangalore_Kitchen_1,Behrouz_Biryani,2025-02-03,282
Bangalore_Kitchen_1,Behrouz_Biryani,2025-02-04,235
Bangalore_Kitchen_1,Behrouz_Biryani,2025-02-05,374
Bangalore_Kitchen_1,Behrouz_Biryani,2025-02-06,344
Bangalore_Kitchen_1,Behrouz_Biryani,2025-02-07,256
Bangalore_Kitchen_1,Behrouz_Biryani,2025-02-08,302
Bangalore_Kitchen_1,Behrouz_Biryani,2025-02-09,342
Bangalore_Kitchen_1,Behrouz_Biryani,2025-02-10,275
Bangalore_Kitchen_1,Behrouz_Biryani,2025-02-11,239
Bangalore_Kitchen_1,Behrouz_Biryani,2025-02-12,288
Bangalore_Kitchen_1,Behrouz_Biryani,2025-02-13,280
Bangalore_Kitchen_1,Behrouz_Biryani,2025-02-14,280
Bangalore_Kitchen_1,Behrouz_Biryani,2025-02-15,373
Bangalore_Kitchen_1,Behrouz_Biryani,2025-02-16,344
Bangalore_Kitchen_1,Behrouz_Biryani,2025-02-17,259
Bangalore_Kitchen_1,Behrouz_Biryani,2025-02-18,292
Bangalore_Kitchen_1,Behrouz_Biryani,2025-02-19,276
Bangalore_Kitchen_1,Behrouz_Biryani,2025-02-20,313
Bangalore_Kitchen_1,Behrouz_Biryani,2025-02-21,281
Bangalore_Kitchen_1,Behrouz_Biryani,2025-02-22,422
Bangalore_Kitchen_1,Behrouz_Biryani,2025-02-23,396
Bangalore_Kitchen_1,Behrouz_Biryani,2025-02-24,315
Bangalore_Kitchen_1,Behrouz_Biryani,2025-02-25,297
Bangalore_Kitchen_1,Behrouz_Biryani,2025-02-26,300
Bangalore_Kitchen_1,Behrouz_Biryani,2025-02-27,338
Bangalore_Kitchen_1,Behrouz_Biryani,2025-02-28,272
Bangalore_Kitchen_1,Behrouz_Biryani,2025-03-01,390
Bangalore_Kitchen_1,Behrouz_Biryani,2025-03-02,370
Bangalore_Kitchen_1,Behrouz_Biryani,2025-03-03,281
Bangalore_Kitchen_1,Behrouz_Biryani,2025-03-04,264
Bangalore_Kitchen_1,Behrouz_Biryani,2025-03-05,278
Bangalore_Kitchen_1,Behrouz_Biryani,2025-03-06,268
Bangalore_Kitchen_1,Behrouz_Biryani,2025-03-07,301
Bangalore_Kitchen_1,Behrouz_Biryani,2025-03-08,407
Bangalore_Kitchen_1,Behrouz_Biryani,2025-03-09,379
Bangalore_Kitchen_1,Behrouz_Biryani,2025-03-10,297
Bangalore_Kitchen_1,Behrouz_Biryani,2025-03-11,295
Bangalore_Kitchen_1,Behrouz_Biryani,2025-03-12,279
Bangalore_Kitchen_1,Behrouz_Biryani,2025-03-13,320
Bangalore_Kitchen_1,Behrouz_Biryani,2025-03-14,306
Bangalore_Kitchen_1,Behrouz_Biryani,2025-03-15,330
Bangalore_Kitchen_1,Behrouz_Biryani,2025-03-16,378
Bangalore_Kitchen_1,Behrouz_Biryani,2025-03-17,269
Bangalore_Kitchen_1,Behrouz_Biryani,2025-03-18,291
Bangalore_Kitchen_1,Behrouz_Biryani,2025-03-19,286
Bangalore_Kitchen_1,Behrouz_Biryani,2025-03-20,298
Bangalore_Kitchen_1,Behrouz_Biryani,2025-03-21,282
Bangalore_Kitchen_1,Behrouz_Biryani,2025-03-22,376
Bangalore_Kitchen_1,Behrouz_Biryani,2025-03-23,419
Bangalore_Kitchen_1,Behrouz_Biryani,2025-03-24,312
Bangalore_Kitchen_1,Behrouz_Biryani,2025-03-25,285
Bangalore_Kitchen_1,Behrouz_Biryani,2025-03-26,292
Bangalore_Kitchen_1,Behrouz_Biryani,2025-03-27,315
Bangalore_Kitchen_1,Behrouz_Biryani,2025-03-28,307
Bangalore_Kitchen_1,Behrouz_Biryani,2025-03-29,373
Bangalore_Kitchen_1,Behrouz_Biryani,2025-03-30,386
Bangalore_Kitchen_1,Behrouz_Biryani,2025-03-31,350
Bangalore_Kitchen_1,Faasos_Rolls,2025-01-01,94
Bangalore_Kitchen_1,Faasos_Rolls,2025-01-02,116
Bangalore_Kitchen_1,Faasos_Rolls,2025-01-03,142
Bangalore_Kitchen_1,Faasos_Rolls,2025-01-04,122
Bangalore_Kitchen_1,Faasos_Rolls,2025-01-05,112
Bangalore_Kitchen_1,Faasos_Rolls,2025-01-06,156
Bangalore_Kitchen_1,Faasos_Rolls,2025-01-07,69
Bangalore_Kitchen_1,Faasos_Rolls,2025-01-08,50
Bangalore_Kitchen_1,Faasos_Rolls,2025-01-09,121
Bangalore_Kitchen_1,Faasos_Rolls,2025-01-10,85
Bangalore_Kitchen_1,Faasos_Rolls,2025-01-11,99
Bangalore_Kitchen_1,Faasos_Rolls,2025-01-12,152
Bangalore_Kitchen_1,Faasos_Rolls,2025-01-13,112
Bangalore_Kitchen_1,Faasos_Rolls,2025-01-14,97
Bangalore_Kitchen_1,Faasos_Rolls,2025-01-15,79
Bangalore_Kitchen_1,Faasos_Rolls,2025-01-16,136
Bangalore_Kitchen_1,Faasos_Rolls,2025-01-17,121
Bangalore_Kitchen_1,Faasos_Rolls,2025-01-18,129
Bangalore_Kitchen_1,Faasos_Rolls,2025-01-19,188
Bangalore_Kitchen_1,Faasos_Rolls,2025-01-20,77
Bangalore_Kitchen_1,Faasos_Rolls,2025-01-21,73
Bangalore_Kitchen_1,Faasos_Rolls,2025-01-22,99
Bangalore_Kitchen_1,Faasos_Rolls,2025-01-23,112
Bangalore_Kitchen_1,Faasos_Rolls,2025-01-24,112
Bangalore_Kitchen_1,Faasos_Rolls,2025-01-25,129
Bangalore_Kitchen_1,Faasos_Rolls,2025-01-26,149
Bangalore_Kitchen_1,Faasos_Rolls,2025-01-27,75
Bangalore_Kitchen_1,Faasos_Rolls,2025-01-28,160
Bangalore_Kitchen_1,Faasos_Rolls,2025-01-29,119
Bangalore_Kitchen_1,Faasos_Rolls,2025-01-30,148
Bangalore_Kitchen_1,Faasos_Rolls,2025-01-31,118
Bangalore_Kitchen_1,Faasos_Rolls,2025-02-01,153
Bangalore_Kitchen_1,Faasos_Rolls,2025-02-02,159
Bangalore_Kitchen_1,Faasos_Rolls,2025-02-03,127
Bangalore_Kitchen_1,Faasos_Rolls,2025-02-04,140
Bangalore_Kitchen_1,Faasos_Rolls,2025-02-05,162
Bangalore_Kitchen_1,Faasos_Rolls,2025-02-06,125
Bangalore_Kitchen_1,Faasos_Rolls,2025-02-07,131
Bangalore_Kitchen_1,Faasos_Rolls,2025-02-08,141
Bangalore_Kitchen_1,Faasos_Rolls,2025-02-09,188
Bangalore_Kitchen_1,Faasos_Rolls,2025-02-10,97
Bangalore_Kitchen_1,Faasos_Rolls,2025-02-11,176
Bangalore_Kitchen_1,Faasos_Rolls,2025-02-12,126
Bangalore_Kitchen_1,Faasos_Rolls,2025-02-13,81
Bangalore_Kitchen_1,Faasos_Rolls,2025-02-14,117
Bangalore_Kitchen_1,Faasos_Rolls,2025-02-15,127
Bangalore_Kitchen_1,Faasos_Rolls,2025-02-16,174
Bangalore_Kitchen_1,Faasos_Rolls,2025-02-17,101
Bangalore_Kitchen_1,Faasos_Rolls,2025-02-18,115
Bangalore_Kitchen_1,Faasos_Rolls,2025-02-19,76
Bangalore_Kitchen_1,Faasos_Rolls,2025-02-20,112
Bangalore_Kitchen_1,Faasos_Rolls,2025-02-21,47
Bangalore_Kitchen_1,Faasos_Rolls,2025-02-22,105
Bangalore_Kitchen_1,Faasos_Rolls,2025-02-23,176
Bangalore_Kitchen_1,Faasos_Rolls,2025-02-24,145
Bangalore_Kitchen_1,Faasos_Rolls,2025-02-25,142
Bangalore_Kitchen_1,Faasos_Rolls,2025-02-26,105
Bangalore_Kitchen_1,Faasos_Rolls,2025-02-27,126
Bangalore_Kitchen_1,Faasos_Rolls,2025-02-28,119
Bangalore_Kitchen_1,Faasos_Rolls,2025-03-01,121
Bangalore_Kitchen_1,Faasos_Rolls,2025-03-02,201
Bangalore_Kitchen_1,Faasos_Rolls,2025-03-03,150
Bangalore_Kitchen_1,Faasos_Rolls,2025-03-04,127
Bangalore_Kitchen_1,Faasos_Rolls,2025-03-05,136
Bangalore_Kitchen_1,Faasos_Rolls,2025-03-06,136
Bangalore_Kitchen_1,Faasos_Rolls,2025-03-07,64
Bangalore_Kitchen_1,Faasos_Rolls,2025-03-08,151
Bangalore_Kitchen_1,Faasos_Rolls,2025-03-09,142
Bangalore_Kitchen_1,Faasos_Rolls,2025-03-10,99
Bangalore_Kitchen_1,Faasos_Rolls,2025-03-11,128
Bangalore_Kitchen_1,Faasos_Rolls,2025-03-12,190
Bangalore_Kitchen_1,Faasos_Rolls,2025-03-13,152
Bangalore_Kitchen_1,Faasos_Rolls,2025-03-14,109
Bangalore_Kitchen_1,Faasos_Rolls,2025-03-15,179
Bangalore_Kitchen_1,Faasos_Rolls,2025-03-16,205
Bangalore_Kitchen_1,Faasos_Rolls,2025-03-17,157
Bangalore_Kitchen_1,Faasos_Rolls,2025-03-18,140
Bangalore_Kitchen_1,Faasos_Rolls,2025-03-19,123
Bangalore_Kitchen_1,Faasos_Rolls,2025-03-20,156
Bangalore_Kitchen_1,Faasos_Rolls,2025-03-21,139
Bangalore_Kitchen_1,Faasos_Rolls,2025-03-22,192
Bangalore_Kitchen_1,Faasos_Rolls,2025-03-23,187
Bangalore_Kitchen_1,Faasos_Rolls,2025-03-24,163
Bangalore_Kitchen_1,Faasos_Rolls,2025-03-25,126
Bangalore_Kitchen_1,Faasos_Rolls,2025-03-26,182
Bangalore_Kitchen_1,Faasos_Rolls,2025-03-27,144
Bangalore_Kitchen_1,Faasos_Rolls,2025-03-28,190
Bangalore_Kitchen_1,Faasos_Rolls,2025-03-29,150
Bangalore_Kitchen_1,Faasos_Rolls,2025-03-30,223
Bangalore_Kitchen_1,Faasos_Rolls,2025-03-31,142
Bangalore_Kitchen_1,Cheesy_Fries,2025-01-01,346
Bangalore_Kitchen_1,Cheesy_Fries,2025-01-02,320
Bangalore_Kitchen_1,Cheesy_Fries,2025-01-03,353
Bangalore_Kitchen_1,Cheesy_Fries,2025-01-04,355
Bangalore_Kitchen_1,Cheesy_Fries,2025-01-05,361
Bangalore_Kitchen_1,Cheesy_Fries,2025-01-06,219
Bangalore_Kitchen_1,Cheesy_Fries,2025-01-07,310
Bangalore_Kitchen_1,Cheesy_Fries,2025-01-08,306
Bangalore_Kitchen_1,Cheesy_Fries,2025-01-09,271
Bangalore_Kitchen_1,Cheesy_Fries,2025-01-10,278
Bangalore_Kitchen_1,Cheesy_Fries,2025-01-11,331
Bangalore_Kitchen_1,Cheesy_Fries,2025-01-12,414
Bangalore_Kitchen_1,Cheesy_Fries,2025-01-13,271
Bangalore_Kitchen_1,Cheesy_Fries,2025-01-14,393
Bangalore_Kitchen_1,Cheesy_Fries,2025-01-15,291
Bangalore_Kitchen_1,Cheesy_Fries,2025-01-16,268
Bangalore_Kitchen_1,Cheesy_Fries,2025-01-17,270
Bangalore_Kitchen_1,Cheesy_Fries,2025-01-18,331
Bangalore_Kitchen_1,Cheesy_Fries,2025-01-19,395
Bangalore_Kitchen_1,Cheesy_Fries,2025-01-20,276
Bangalore_Kitchen_1,Cheesy_Fries,2025-01-21,333
Bangalore_Kitchen_1,Cheesy_Fries,2025-01-22,291
Bangalore_Kitchen_1,Cheesy_Fries,2025-01-23,339
Bangalore_Kitchen_1,Cheesy_Fries,2025-01-24,310
Bangalore_Kitchen_1,Cheesy_Fries,2025-01-25,381
Bangalore_Kitchen_1,Cheesy_Fries,2025-01-26,433
Bangalore_Kitchen_1,Cheesy_Fries,2025-01-27,322
Bangalore_Kitchen_1,Cheesy_Fries,2025-01-28,394
Bangalore_Kitchen_1,Cheesy_Fries,2025-01-29,289
Bangalore_Kitchen_1,Cheesy_Fries,2025-01-30,300
Bangalore_Kitchen_1,Cheesy_Fries,2025-01-31,339
Bangalore_Kitchen_1,Cheesy_Fries,2025-02-01,335
Bangalore_Kitchen_1,Cheesy_Fries,2025-02-02,429
Bangalore_Kitchen_1,Cheesy_Fries,2025-02-03,309
Bangalore_Kitchen_1,Cheesy_Fries,2025-02-04,275
Bangalore_Kitchen_1,Cheesy_Fries,2025-02-05,262
Bangalore_Kitchen_1,Cheesy_Fries,2025-02-06,279
Bangalore_Kitchen_1,Cheesy_Fries,2025-02-07,219
Bangalore_Kitchen_1,Cheesy_Fries,2025-02-08,372
Bangalore_Kitchen_1,Cheesy_Fries,2025-02-09,410
Bangalore_Kitchen_1,Cheesy_Fries,2025-02-10,282
Bangalore_Kitchen_1,Cheesy_Fries,2025-02-11,350
Bangalore_Kitchen_1,Cheesy_Fries,2025-02-12,361
Bangalore_Kitchen_1,Cheesy_Fries,2025-02-13,344
Bangalore_Kitchen_1,Cheesy_Fries,2025-02-14,302
Bangalore_Kitchen_1,Cheesy_Fries,2025-02-15,318
Bangalore_Kitchen_1,Cheesy_Fries,2025-02-16,372
Bangalore_Kitchen_1,Cheesy_Fries,2025-02-17,296
Bangalore_Kitchen_1,Cheesy_Fries,2025-02-18,280
Bangalore_Kitchen_1,Cheesy_Fries,2025-02-19,306
Bangalore_Kitchen_1,Cheesy_Fries,2025-02-20,357
Bangalore_Kitchen_1,Cheesy_Fries,2025-02-21,245
Bangalore_Kitchen_1,Cheesy_Fries,2025-02-22,453
Bangalore_Kitchen_1,Cheesy_Fries,2025-02-23,426
Bangalore_Kitchen_1,Cheesy_Fries,2025-02-24,312
Bangalore_Kitchen_1,Cheesy_Fries,2025-02-25,289
Bangalore_Kitchen_1,Cheesy_Fries,2025-02-26,286
Bangalore_Kitchen_1,Cheesy_Fries,2025-02-27,257
Bangalore_Kitchen_1,Cheesy_Fries,2025-02-28,355
Bangalore_Kitchen_1,Cheesy_Fries,2025-03-01,448
Bangalore_Kitchen_1,Cheesy_Fries,2025-03-02,357
Bangalore_Kitchen_1,Cheesy_Fries,2025-03-03,288
Bangalore_Kitchen_1,Cheesy_Fries,2025-03-04,328
Bangalore_Kitchen_1,Cheesy_Fries,2025-03-05,307
Bangalore_Kitchen_1,Cheesy_Fries,2025-03-06,251
Bangalore_Kitchen_1,Cheesy_Fries,2025-03-07,282
Bangalore_Kitchen_1,Cheesy_Fries,2025-03-08,465
Bangalore_Kitchen_1,Cheesy_Fries,2025-03-09,387
Bangalore_Kitchen_1,Cheesy_Fries,2025-03-10,304
Bangalore_Kitchen_1,Cheesy_Fries,2025-03-11,281
Bangalore_Kitchen_1,Cheesy_Fries,2025-03-12,338
Bangalore_Kitchen_1,Cheesy_Fries,2025-03-13,318
Bangalore_Kitchen_1,Cheesy_Fries,2025-03-14,282
Bangalore_Kitchen_1,Cheesy_Fries,2025-03-15,365
Bangalore_Kitchen_1,Cheesy_Fries,2025-03-16,454
Bangalore_Kitchen_1,Cheesy_Fries,2025-03-17,261
Bangalore_Kitchen_1,Cheesy_Fries,2025-03-18,336
Bangalore_Kitchen_1,Cheesy_Fries,2025-03-19,254
Bangalore_Kitchen_1,Cheesy_Fries,2025-03-20,339
Bangalore_Kitchen_1,Cheesy_Fries,2025-03-21,340
Bangalore_Kitchen_1,Cheesy_Fries,2025-03-22,445
Bangalore_Kitchen_1,Cheesy_Fries,2025-03-23,408
Bangalore_Kitchen_1,Cheesy_Fries,2025-03-24,365
Bangalore_Kitchen_1,Cheesy_Fries,2025-03-25,396
Bangalore_Kitchen_1,Cheesy_Fries,2025-03-26,315
Bangalore_Kitchen_1,Cheesy_Fries,2025-03-27,306
Bangalore_Kitchen_1,Cheesy_Fries,2025-03-28,316
Bangalore_Kitchen_1,Cheesy_Fries,2025-03-29,399
Bangalore_Kitchen_1,Cheesy_Fries,2025-03-30,397
Bangalore_Kitchen_1,Cheesy_Fries,2025-03-31,300
